year,pcp_per_100k,np_per_100k,pa_per_100k,total_primary_care,pcp_share
2008,72.4,24.1,19.2,115.7,62.575626620570446
2013,68.2,38.4,24.8,131.4,51.90258751902588
2018,61.8,52.6,29.4,143.8,42.97635605006953
2023,54.2,68.2,34.1,156.5,34.63258785942492
