svi_quartile,effect,se,ci_low,ci_high
1,-249.46066795637572,40.034492697693594,-327.92827364385516,-170.9930622688963
2,-202.13904621686618,39.44052033232313,-279.4424660682195,-124.83562636551284
3,-185.4118159649177,42.09481503540975,-267.9176534343208,-102.9059784955146
4,-171.25130976407516,40.860218489810116,-251.337338004103,-91.16528152404733
