twfe_did_effect,twfe_did_se,twfe_did_ci_lower,twfe_did_ci_upper,twfe_did_pvalue,fd_effect,fd_ci_lower,fd_ci_upper,rate_ratio,e_value,placebo_p
-3.5907723781969936,1.5913299202422957,-6.774212958740385,-0.6975643683630287,0.02452092516137183,-0.4879942528735741,-3.289323766762458,2.832558321360132,0.9138015787465102,1.4156198747919018,0.0
