baseline_mae,baseline_mape,model_mae,model_mape,model_r2,improvement_pct,shock_expanded,shock_not_expanded,shock_difference,shock_diff_ci_low,shock_diff_ci_high
51.501960784313724,6.218917897813232,18.870220669602904,2.282061657620494,0.9531980382745385,63.36018982145176,49.2,60.08000000000003,-10.880000000000024,-20.341420731707334,-1.483841463414691
