time,coef,se
-4,-7.571259353741425,45.08374400233665
-3,-0.3666250000001128,47.44300795566775
-2,17.577747008546908,39.874138187819085
-1,0.0,0.0
0,-29.23084650898511,19.331145611532556
1,-26.30643811185439,20.656343892867643
2,-20.403152272947523,20.706092196494236
3,-20.809701734792384,20.415618634296685
4,-12.33378827815261,21.620175044907402
