method,parameter,estimate,ci_lower,ci_upper,p_value,f_statistic,hausman_p
IV-2SLS,PCP Supply (per 100k),-3.160606455400057,-7.348237205114444,1.0270242943143302,0.13906572515495563,23.404739887659968,0.48015336485545035
