did_estimate,did_ci_low,did_ci_high,ate_adjusted,implied_rr,n_treated,n_control
-10.88000000000011,-20.598879398217857,-0.6658333333335357,-7.244339937721984,0.9878751406951733,41,10
