state,baseline,actual,predicted_policy,predicted_counterfactual,error_policy,error_counterfactual
OK,970.5,1015.1,1019.68,1030.58,4.579999999999927,15.479999999999905
MO,880.2,928.9,929.3800000000001,940.2800000000001,0.4800000000001319,11.38000000000011
