intervention,hr,ci_lower,ci_upper,ate
Telemedicine,0.19135972889298059,0.17359668265925632,0.2102607178400382,0.005632888988564039
Medicaid Expansion,0.24457454497169043,0.22743399144882795,0.2607119460536521,0.0036743108143385828
FQHC Expansion,0.2918670531221207,0.2786051527791929,0.3067800401370525,0.003528948512101282
APP Scope Expansion,0.2918670531221207,0.2767950927924629,0.3064574779073618,0.003528948512101282
Community Health Workers,0.2918670531221207,0.2759683907940693,0.3079511952322344,0.003528948512101282
Integrated Behavioral Health,0.2918670531221207,0.27628986727347216,0.3064858367198964,0.003528948512101282
Payment Reform,0.2918670531221207,0.2761205725245413,0.3061407691705706,0.003528948512101282
GME Expansion,0.2918670531221207,0.2764755572661818,0.3090059021486393,0.003528948512101282
